{"stat.chestOpened":2,"stat.pickup.minecraft.record_13":1,"stat.walkOneCm":29588,"stat.pickup.minecraft.bone":8,"stat.leaveGame":2,"stat.pickup.minecraft.bread":1,"stat.mobKills":13,"stat.pickup.minecraft.saddle":1,"stat.mineBlock.minecraft.log":3,"stat.pickup.minecraft.planks":1,"stat.pickup.bewitchment.opal":1,"stat.pickup.minecraft.log":3,"stat.pickup.minecraft.string":16,"stat.killEntity.CaveSpider":5,"stat.flyOneCm":42928,"stat.pickup.minecraft.clay":9,"stat.pickup.bewitchment.aconitum_seeds":1,"stat.pickup.minecraft.diamond":9,"stat.jump":108,"stat.swimOneCm":811,"stat.pickup.enderio.item_material":1,"stat.playOneMinute":17049,"stat.fallOneCm":1312,"stat.useItem.minecraft.planks":39,"stat.sneakTime":130,"stat.pickup.bewitchment.juniper_sapling":1,"stat.damageDealt":2484,"stat.pickup.minecraft.gunpowder":3,"stat.pickup.minecraft.redstone":22,"stat.crouchOneCm":187,"stat.pickup.bewitchment.amethyst":2,"stat.killEntity.Zombie":7,"stat.timeSinceDeath":17049,"stat.pickup.minecraft.stone_slab":1,"stat.pickup.minecraft.ender_pearl":3,"stat.sprintOneCm":9974,"stat.pickup.minecraft.paper":2,"stat.useItem.minecraft.stone_slab2":110,"stat.mineBlock.minecraft.tallgrass":4,"stat.diveOneCm":604,"stat.pickup.minecraft.gold_ingot":25}